total_return,annual_return,annual_volatility,sharpe_ratio,sortino_ratio,max_drawdown,calmar_ratio,var_95,cvar_95,win_rate,skewness,kurtosis,avg_turnover,total_transaction_costs,n_rebalances,n_years
0.5957430415242932,0.09236956536061225,0.10556969825178412,0.5968899809817353,0.7327892743138648,-0.19648972275152146,0.4700987108492269,-0.010410853788394991,-0.016520491526591626,0.5206301575393848,-0.33658677764559314,3.8891633962387564,0.7081596105303825,0.045322215073944495,64,5.2896825396825395
