total_return,annual_return,annual_volatility,sharpe_ratio,sortino_ratio,max_drawdown,calmar_ratio,var_95,cvar_95,win_rate,skewness,kurtosis,avg_turnover,total_transaction_costs,n_rebalances,n_years
0.5957360786564592,0.09236866427523127,0.10556972385201147,0.596882131831412,0.7331513170178717,-0.19648965089306789,0.4700942968517942,-0.010410908368889138,-0.016520455935993942,0.5213803450862715,-0.33658812579302994,3.8890853171641746,0.7081649655286777,0.04532255779383538,64,5.2896825396825395
