{
  "portfolio_weights": [
    0.18940754870785212,
    0.11043613967206305,
    0.0,
    0.0,
    0.09314747503286015,
    0.0,
    0.24004926843008195,
    1.1302807648161384e-17,
    0.06695956815714275,
    0.3
  ],
  "asset_names": [
    "AAPL",
    "MSFT",
    "GOOGL",
    "JPM",
    "JNJ",
    "V",
    "PG",
    "MA",
    "DIS",
    "NVDA"
  ],
  "total_return": 0.29827352600903945,
  "annualized_return": 0.046053564784332535,
  "final_portfolio_value": 1.2982735260090394,
  "hedged_total_return": 0.2981029500226821,
  "hedged_annualized_return": 0.04602985762332423,
  "hedged_final_value": 1.2981029500226822,
  "top_5_holdings": {
    "NVDA": 0.3,
    "PG": 0.24004926843008195,
    "AAPL": 0.18940754870785212,
    "MSFT": 0.11043613967206305,
    "JNJ": 0.09314747503286015
  }
}