{
  "option_parameters": {
    "spot_price": 100.0,
    "strike": 105.0,
    "time_to_expiry": 0.25,
    "risk_free_rate": 0.05,
    "option_type": "call",
    "option_price": 0.17057598635734728
  },
  "forecasted_volatility": 0.06026237683459181,
  "greeks": {
    "delta": 0.11715300088485403,
    "gamma": 0.06527287309944727,
    "theta": -0.004828619293807594,
    "vega": 0.09833746189488454,
    "rho": 0.028861810255320152
  },
  "hedge_solution": {
    "hedge_quantity": -11.715300088485403,
    "hedge_value": 1171.5300088485403,
    "target_delta": 0.0
  }
}